id;nom_application;action;password;status;message;date_demande;user_id
1;b quantify Chicken;Concrete impactful;Soft;brand Borders;Credit Managed incubate;2022-05-16;Sausages orange web-enabled
2;firewall Concrete;focus;Chicken;artificial;reboot;2022-05-16;encompassing Liban Table
3;feed mobile withdrawal;expedite;sky;card;Managed;2022-05-15;exuding tan Guinée-Bissau
4;revolutionary grey;Mouffetard;copying;payment Tools;paradigms maximize Intelligent;2022-05-15;Midi-Pyrénées
5;Jewelery e-services payment;Account;Cotton process;enhance;Cambridgeshire HTTP morph;2022-05-15;c Rustic
6;Cambridgeshire;Salad Ingenieur e-tailers;state c Poitou-Charentes;copying;relationships GB;2022-05-15;Ingenieur explicit de
7;deposit Cotton Up-sized;Mouse invoice;Cambridgeshire calculating payment;Borders Consultant Bourgogne;la;2022-05-16;Front-line
8;Car;transmitter Operative;open-source Shoes;Falkland Practical;Automotive;2022-05-16;hub Plastic Function-based
9;interface reinvent;withdrawal;Mauritanie Bonaparte c;Baby Steel;TCP SCSI orange;2022-05-15;invoice content indexing
10;bandwidth Games;actuating Administrateur Investment;c El;redundant Du synthesize;Shirt compelling Multi-lateral;2022-05-16;a Frozen
